-- phpMyAdmin SQL Dump
-- version 5.1.0
-- https://www.phpmyadmin.net/
--
-- Host: 127.0.0.1
-- Generation Time: Jun 27, 2022 at 11:11 AM
-- Server version: 10.4.18-MariaDB
-- PHP Version: 8.0.3

SET SQL_MODE = "NO_AUTO_VALUE_ON_ZERO";
START TRANSACTION;
SET time_zone = "+00:00";


/*!40101 SET @OLD_CHARACTER_SET_CLIENT=@@CHARACTER_SET_CLIENT */;
/*!40101 SET @OLD_CHARACTER_SET_RESULTS=@@CHARACTER_SET_RESULTS */;
/*!40101 SET @OLD_COLLATION_CONNECTION=@@COLLATION_CONNECTION */;
/*!40101 SET NAMES utf8mb4 */;

--
-- Database: `db_library`
--

-- --------------------------------------------------------

--
-- Table structure for table `books`
--

CREATE TABLE `books` (
  `b_id` char(8) NOT NULL,
  `b_name` char(255) NOT NULL,
  `b_unit` int(3) NOT NULL,
  `b_rent` int(11) NOT NULL,
  `sc_id` char(3) NOT NULL
) ENGINE=InnoDB DEFAULT CHARSET=utf8;

--
-- Dumping data for table `books`
--

INSERT INTO `books` (`b_id`, `b_name`, `b_unit`, `b_rent`, `sc_id`) VALUES
('01010001', 'ความรู้เบื้องต้นเกี่ยวคอมพิวเตอร์ และเทคโนโลยีสารสนเทศ', 10, 0, '010'),
('01010002', '100 เรื่องต้องรู้ก่อนโต คอมพิวเตอร์และโค้ดดิ้ง', 10, 0, '010'),
('01010003', 'ระบบคอมพิวเตอร์และอุปกรณ์', 10, 0, '010'),
('01010004', 'วิทยาการคอมพิวเตอร์และเทคโนโลยีสารสนเทศ', 10, 0, '010'),
('01010005', 'ระบบฐานข้อมูล', 10, 0, '010'),
('01010006', 'คู่มือเขียนโปรแกรมด้วยภาษา C ฉบับสมบรูณ์', 10, 0, '010'),
('01010007', 'คู่มือใช้งานคอมพิวเตอร์มือใหม่', 10, 0, '010'),
('01010008', 'Why ? คอมพิวเตอร์', 10, 0, '010'),
('01010009', 'ระบบปฏิบัติการคอมพิวเตอร์ยุคใหม่', 10, 0, '010'),
('01010010', 'คู่มือคอมพิวเตอร์เบื้องต้น', 10, 0, '010'),
('01010011', 'คอมพิวเตอร์และระบบปฏิบัติการเบื้องต้น', 10, 0, '010'),
('01010012', 'คู่มือสร้างเว็บไซต์ ฉบับสมบรูณ์', 10, 0, '010'),
('01010013', 'คอมฯ มือใหม่', 10, 0, '010'),
('01010014', 'คอมพิวเตอร์และการบำรุงรักษา', 10, 0, '010'),
('01010015', 'คู่มือเขียนโปรแกรมภาษา Python ฉบับสมบรูณ์', 10, 0, '010'),
('01011001', 'บรรณานุกรมแห่งชาติ ประจำปี ๒๕๒๖ เล่ม ๒', 10, 0, '011'),
('01011002', 'บรรณานุกรมหนังสือสำหรับเด็ก', 10, 0, '011'),
('01011003', 'คู่มือการเขียนเอกสารอ้างอิงและบรรณานุกรม', 10, 0, '011'),
('01011004', 'การค้นคว้าและการเขียนรายงาน', 10, 0, '011'),
('01011005', 'บรรณารุกรมหนังสือใหม่ ประจำเดือน กันยายน 2562', 10, 0, '011'),
('01012001', 'วิชาชีพบรรณารักษศาสตร์และสารสนเทศศาสตร์', 10, 0, '012'),
('01012002', 'บรรณารักษ์ปฏิบัติการสำนักงานศาลยุติธรรม', 10, 0, '012'),
('01012003', 'บรรณารักษ์กรมศิลปากร', 10, 0, '012'),
('01012004', 'วารสาร สารสนเทศศาสตร์', 10, 0, '012'),
('01012005', 'สารนิเทศกับการศึกษาค้นคว้า', 10, 0, '012'),
('01012006', 'เส้นทางสู่ห้องสมุดยุคใหม่', 10, 0, '012'),
('01013001', 'สารานุกรมไทยสำหรับเยาวชน', 10, 0, '013'),
('01013002', 'สารานุกรมประกอบภาพ สำหรับเด็กและผู้สนใจทั่ไป', 10, 0, '013'),
('01013003', 'สารานุกรมวิทยาศาสตร์', 10, 0, '013'),
('01013004', 'สารานุกรมประกอบภาพ ร่างกายมนุษย์', 10, 0, '013'),
('01015001', 'วารสารวิจัย', 10, 0, '015'),
('01015002', 'ทฤษฏีบุคลิกภาพและการปรับตัว', 10, 0, '015'),
('01016001', 'องค์การพิพิธภัณท์วิทยาศาสตร์แห่งชาติ นักสื่อสารวิทยาศาสตร์', 10, 0, '016'),
('01016002', 'พิพิธภัณท์วิทยาศาสตร์', 10, 0, '016'),
('01017001', 'นิเทศศาสตร์ วารสารศาสตร์ สื่อสารมวลชน', 10, 0, '017'),
('01017002', 'แนวทางการเขียนจัดพิมพ์ เผยแพร่ ตำราและหนังสือวิชาการ', 10, 0, '017'),
('01017003', 'วารสารสันติศึกษาปริทรรศน์ มจร', 10, 0, '017'),
('01017004', 'วารสารศาสตร์เบื้องต้น', 10, 0, '017'),
('01018001', 'ชุมนุมนิพจธ์', 10, 0, '018'),
('01018002', 'ชุมนุมพระนิพจธ์', 10, 0, '018'),
('01019001', 'นิทานสวีเดน', 10, 0, '019'),
('01019002', 'การประพันธ์ในภาวะโรคระบาดในชาติ', 10, 0, '019'),
('02020001', 'กุญแจปรัชญา', 10, 0, '020'),
('02020002', 'ปรัชญานิพนธ์', 10, 0, '020'),
('02020003', 'ปรัชญาอิสลาม', 10, 0, '020'),
('02020004', 'ปรัชญาเบื้องต้น', 10, 0, '020'),
('02020005', 'ชีวิตและความคิดของนักปรัชญา', 10, 0, '020'),
('02020006', 'ปรัชญาโลก', 10, 0, '020'),
('02020007', 'นิติปรัชญา', 10, 0, '020'),
('02020008', 'แก่นปรัชญาตะวันตก', 10, 0, '020'),
('02020009', 'ปรัชญาการเมือง', 10, 0, '020'),
('02021001', 'พระพุทธศาสนากับปัญหาทางอภิปรัชญา', 10, 0, '021'),
('02021002', 'คู่มือปรัชญา', 10, 0, '021'),
('02022001', 'จิตวิทยาเบื้องต้น', 10, 0, '022'),
('02022002', 'ความเป็นมนุษย์กับการเข้าถึงสิ่งสูงสุด', 10, 0, '022'),
('02023001', 'พัฒนาคุณภาพชีวิตด้วยจิตวิทยาแบบยั่งยืน', 10, 0, '023'),
('02023002', 'ทำไมความรักทำร้ายคน', 10, 0, '023'),
('02023003', 'พืชคณิตนามธรรมเบื้องต้น', 10, 0, '023'),
('02023004', 'พลังแห่งการเพิ่มความนับถือตัวเอง', 10, 0, '023'),
('02023005', 'เพราะนี้คือสิ่งที่ (นักจิตวิทยา) ไม่เคยบอก', 10, 0, '023'),
('02024001', 'Mindset ใช้ความคิดเอาชนะโชคชะตา', 10, 0, '024'),
('02024002', 'ทุกอย่างในชีวิตเริ่มจากความคิดที่เป็นระเบียบ', 10, 0, '024'),
('02025001', 'จิตวิทยาทั่วไป', 10, 0, '025'),
('02025002', 'จิตวิทยา รู้เขา รู้เรา', 10, 0, '025'),
('02025003', 'ศิลปะการพูด', 10, 0, '025'),
('02026001', 'ตรรกศาสตร์เบื้องต้น', 10, 0, '026'),
('02026002', 'ตรรกศาสตร์และทฤษฏีเซต', 10, 0, '026'),
('02026003', 'ตรรกศาสตร์ ศาสตร์แห่งการใช้เหตุผล', 10, 0, '026'),
('02026004', 'คณิตคิดเร็วทีละเรือง ตรรกศาสตร์เบื้องต้น', 10, 0, '026'),
('02026005', 'ตรรกวิทยาสัญลักษณ์', 10, 0, '026'),
('02026006', 'แบบฝึกตรรกะสมองด้านซ้าย', 10, 0, '026'),
('02026007', 'ตรรกศาสตร์เบื้องต้นและวิธีการพิสูจน์', 10, 0, '026'),
('02027001', 'จริยศาสตร์เบื้องต้น', 10, 0, '027'),
('02027002', 'จริยศาสตร์', 10, 0, '027'),
('02027003', 'สร้างแผนที่จริยศาสตร์', 10, 0, '027'),
('02028001', 'ขงจื่อ กล่าวว่า', 10, 0, '028'),
('02028002', 'คิดแบบซุนวู', 10, 0, '028'),
('02029001', 'ปรัชญาตะวันตกสมัยกลาง', 10, 0, '029'),
('02029002', 'ปรัชญาตะวันตกสมัยโบราณ', 10, 0, '029'),
('02029003', 'ปรัชญาตะวันตกร่วมสมัย', 10, 0, '029'),
('02029004', 'ปรัญชาการเมืองสมัยกลาง', 10, 0, '029'),
('03030001', 'ศาสนาโลก', 10, 0, '030'),
('03030002', 'วิกฤติในพระพุทธศาสนา', 10, 0, '030'),
('03030003', 'ศาสนาคืออะไร', 10, 0, '030'),
('03031001', 'ธรรมชาติคือศาสนาของฉัน', 10, 0, '031'),
('03031002', 'พระพุทธศาสนากับสิ่งแวดล้อม', 10, 0, '031'),
('03032001', 'HOLY BIBLE', 10, 0, '032'),
('03032002', 'THE BIBLE', 10, 0, '032'),
('03033001', 'ศาสนาน่ารู้ ศาสนาคริสต์', 10, 0, '033'),
('03033002', 'คริสตศาสนสัมพันธ์', 10, 0, '033'),
('03034001', 'ศิษย์พระคริสต์', 10, 0, '034'),
('03034002', 'คำสอนพระศาสนจักรคาทอลิก', 10, 0, '034'),
('03034003', 'ศึกษาวิธีการของพระคริสต์', 10, 0, '034'),
('03035001', 'ศิลปวัฒนธรรม', 10, 0, '035'),
('03037001', 'ประวัติศาสนาคริสต์', 10, 0, '037'),
('03038001', 'CATECHISM OF THE CATHOLIC CHURCH', 10, 0, '038'),
('03039001', 'ศาสนาเปรียบเทียบ', 10, 0, '039'),
('04040001', 'สังคมและประวัติศาสตร์สากล', 10, 0, '040'),
('04040002', 'เทคนิคการวิจัยทางสังคมศาสตร์', 10, 0, '040'),
('04040003', 'การเมืองเศรษฐกิจและสังคม', 10, 0, '040'),
('04040004', 'สังคมศาสตร์ประยุกต์', 10, 0, '040'),
('04041001', 'สถิติศาสตร์', 10, 0, '041'),
('04041002', 'สถิติประยุกต์', 10, 0, '041'),
('04041003', 'สถิติเบื้องต้น', 10, 0, '041'),
('04042001', 'รัฐศาสตร์กับการเมืองไทย', 10, 0, '042'),
('04042002', 'การเมืองการปกครองของไทย', 10, 0, '042'),
('04042003', 'คณะรัฐศาสตร์', 10, 0, '042'),
('04042004', 'หลักรัฐศาสตร์', 10, 0, '042'),
('04043001', 'เศรษฐศาสตร์เบื้องต้น', 10, 0, '043'),
('04043002', 'เข้าใจเศรษฐศาสตร์ อดีตถึงปัจจุบัน', 10, 0, '043'),
('04043003', 'เศรษฐศาสตร์การจัดการ', 10, 0, '043'),
('04043004', 'เศรษฐศาสตร์อุตสาหกรรม', 10, 0, '043'),
('04044001', 'กฏหมายรอบตัว', 10, 0, '044'),
('04044002', 'ความรู้เบื้องต้นเกี่ยวกับกฏหมายทั่วไป', 10, 0, '044'),
('04044003', 'กฏหมายทรัพย์สิน', 10, 0, '044'),
('04044004', 'ประมวลกฏหมายแพ่งและพาณิชย์', 10, 0, '044'),
('04045001', 'ความรู้เบื้องต้นเกี่ยวกับรัฐประศาสนศาสตร์', 10, 0, '045'),
('04045002', 'รัฐประศาสนศาสตร์', 10, 0, '045'),
('04045003', 'วารสารบริหารรัฐกิจ', 10, 0, '045'),
('04046001', 'การบริหารและการจัดการสังคมแห่งอนาคต', 10, 0, '046'),
('04046002', 'ปัญหาสังคมไทย', 10, 0, '046'),
('04047001', 'ปฏิรูปการศึกษา', 10, 0, '047'),
('04047002', 'การบริหารการศึกษาหลักการและทฤษฏี', 10, 0, '047'),
('04047003', 'การศึกษาและสาระสำคัญของชีวิต', 10, 0, '047'),
('04047004', 'การศึกษาและการเรียนรู้', 10, 0, '047'),
('04047005', 'การศึกษาค้นคว้าด้วยตัวเอง', 10, 0, '047'),
('04048001', 'การขนส่งสินค้าทางทะเล', 10, 0, '048'),
('04048002', 'การสื่อสารข้อมูลและระบบเครือข่ายคอมพิวเตอร์', 10, 0, '048'),
('04048003', 'พาณิชย์อิเล็กทรอนิกส์', 10, 0, '048'),
('04048004', 'การสือสารกับการพัฒนา', 10, 0, '048'),
('04049001', 'คติชนวิทยา ญี่ปุ่น', 10, 0, '049'),
('04049002', 'วัฒนธรรมไทย', 10, 0, '049'),
('05050001', 'หนังสือฝึกอ่านภาษาไทย', 10, 0, '050'),
('05050002', 'หนังสือเรียนภาษาไทย', 10, 0, '050'),
('05050003', 'ภาษาไทย2', 10, 0, '050'),
('05051001', 'ภาษาและภาษาศาสตร์', 10, 0, '051'),
('05051002', 'ภาษาศาสตร์เบิ้องต้น', 10, 0, '051'),
('05051003', 'กลไกภาษาศาสตร์', 10, 0, '051'),
('05051004', 'ภาษาศาสตร์เชิงประวัติ', 10, 0, '051'),
('05052001', 'ภาษาอังกฤษ ครบ', 10, 0, '052'),
('05052002', 'ภาษาอังกฤษ พูดได้ชิลๆ', 10, 0, '052'),
('05052003', 'ภาษาอังกฤษ ป.3', 10, 0, '052'),
('05052004', 'ภาษาอังกฤษ ป.1', 10, 0, '052'),
('05053001', 'ภาษาเยอรมัน', 10, 0, '053'),
('05053002', 'เรียนเยอรมันเบื้องต้น', 10, 0, '053'),
('05053003', 'ในภาษาเยอรมันและเจตนารมณ์ในการสื่อสาร', 10, 0, '053'),
('05054001', 'GRAMMAIRE ไวยากรณ์ภาษาฝรั่งเศส', 10, 0, '054'),
('05054002', 'ฝรั่งเศส', 10, 0, '054'),
('05054003', 'ภาษาฝรั่งเศสเบื้องต้น', 10, 0, '054'),
('05055001', 'อิตาลี', 10, 0, '055'),
('05055002', 'สนุกกับภาษาอิตาลี', 10, 0, '055'),
('05055003', 'ภาษาอิตาลี', 10, 0, '055'),
('05056001', 'เรียนภาษาโปรตุเกส', 10, 0, '056'),
('05056002', 'ภาษาโปรตุเกส', 10, 0, '056'),
('05056003', 'สเปนทันใจ', 10, 0, '056'),
('05057001', 'ภาษาละติน', 10, 0, '057'),
('05057002', 'Collins LATIN', 10, 0, '057'),
('05057003', 'ละตินอเมริกา', 10, 0, '057'),
('05058001', 'เรียนภาษากรีก', 10, 0, '058'),
('05059001', 'เมียนมา', 10, 0, '059'),
('05059002', 'ภาษาอาเซียน กัมพูชา', 10, 0, '059'),
('05059003', 'ภาษาเขมรเพื่อการสื่อสาร', 10, 0, '059'),
('06060001', 'รายวิชาพื้นฐานวิทยาศาสตร์และเทคโนโลยี ชั้นประถมศึกษาปีที่ 6 เล่ม 2', 10, 0, '060'),
('06060002', 'วิทยาศาสตร์แห่งความสำเร็จ', 10, 0, '060'),
('06060003', 'รู้วิทยาศาสตร์ได้ใน 15 นาที', 10, 0, '060'),
('06060004', 'รู้ไหม วิทยาศาสตร์เกี่ยวกับอะไร', 10, 0, '060'),
('06060005', 'วิทยาศาสตร์ อ่านได้ เล่นได้', 10, 0, '060'),
('06061001', 'ฉลาดคิด คณิตศาสตร์นอกห้องเรียน ชั้น ป.5 เล่ม 2', 10, 0, '061'),
('06061002', 'คณิตศาสตร์ อ่านได้ เล่นได้', 10, 0, '061'),
('06061003', 'เอกสารเสริมความรู้ วิชาคณิตศาสตร์ เรขาคณิต', 10, 0, '061'),
('06061004', 'เอกสารเสริมความรู้ วิชาคณิตศาสตร์ ตรรกศาสตร์', 10, 0, '061'),
('06061005', 'เอกสารเสริมความรู้ วิชาคณิตศาสตร์ ทฤษฎีจำนวน', 10, 0, '061'),
('06061006', 'เทคนิคการเรียนคณิตศาสตร์ ม.ปลาย แคลคูลัสเบื้องต้น', 10, 0, '061'),
('06062001', 'Intensive โลก ดาราศาสตร์ และอวกาศ ม.ปลาย', 10, 0, '062'),
('06062002', 'ระบบสุริยะ', 10, 0, '062'),
('06062003', 'เอกภพ เพื่อความเข้าใจในธรรมชาติของจักรวาล', 10, 0, '062'),
('06063001', 'ฟิสิกส์ขนมหวาน', 10, 0, '063'),
('06063002', 'ฟิสิกส์ เตรียมสอบเข้ามหาวิทยาลัย', 10, 0, '063'),
('06064001', 'Short Note เคมี พิชิตข้อสอบเต็ม 100% ภายใน 3 วัน', 10, 0, '064'),
('06064002', 'Chemistry เจาะลึกพื้นฐานเคมี ม.ต้น', 10, 0, '064'),
('06064003', 'เคมีวิเคราะห์ (หลักการและเทคนิคการคำนวณเชิงปริมาณ)', 10, 0, '064'),
('06065001', 'ธรณีวิทยาโครงสร้าง', 10, 0, '065'),
('06066001', 'ฉันจะเป็นนักบรรพชีวินวิทยา', 10, 0, '066'),
('06067001', 'BIOLOGY ชีววิทยา (ปลาหมึก)', 10, 0, '067'),
('06067002', 'ชีววิทยา สำหรับนักเรียนมัธยมปลาย', 10, 0, '067'),
('06068001', 'ปฏิบัติการพฤกษศาสตร์ทั่วไป', 10, 0, '068'),
('06069001', 'สัตววิทยา', 10, 0, '069'),
('06069002', 'สัตววิทยา : ปฏิบัติการ', 10, 0, '069'),
('07070001', 'เทคโนโลยีสารสนเทศเบื้องต้น', 10, 0, '070'),
('07070002', 'วิทยาการคอมพิวเตอร์และเทคโนโลยีสารสนเทศ (ฉบับปรับปรุงเพิ่มเติม)', 10, 0, '070'),
('07070003', 'วิทยาศาสตร์ประยุกต์', 10, 0, '070'),
('07071001', 'แพทยศาสตร์สงเคราะห์', 10, 0, '071'),
('07071002', 'Traditional Chinese Medicine แพทย์แผนจีนต้านโรค', 10, 0, '071'),
('07072001', 'วัสดุวิศวกรรม', 10, 0, '072'),
('07072002', 'เขียนแบบ วิศวกรรมเบื้องต้น', 10, 0, '072'),
('07072003', 'หลักการพื้นฐานของวิศวกรรมซอฟต์แวร์', 10, 0, '072'),
('07073001', 'การส่งเสริมและการพัฒนาการเกษตร เพื่อการพัฒนาที่ยั่งยืน', 10, 0, '073'),
('07073002', 'สังคมไทยกับการส่งเสริมการเกษตร', 10, 0, '073'),
('07074001', 'เอกคหกรรม', 10, 0, '074'),
('07074002', 'จิตวิทยาชีวิตครอบครัว', 10, 0, '074'),
('07075001', 'การจัดการธุรกิจขนาดย่อม', 10, 0, '075'),
('07075002', 'การจัดการธุรกิจเบื้องต้น', 10, 0, '075'),
('07075003', ' การจัดการธุรกิจขนาดกลางและขนาดย่อม', 10, 0, '075'),
('07076001', 'เทอร์โมไดนามิกส์วิศวกรรมเคมี', 10, 0, '076'),
('07077001', 'การออกแบบโรงงานอุตสาหกรรม', 10, 0, '077'),
('07077002', 'การระบายอากาศในโรงงานอุตสาหกรรม', 10, 0, '077'),
('07078001', 'อุปกรณ์อิเล็กทรอนิกส์และวงจร', 10, 0, '078'),
('07079001', 'การบริหารงานก่อสร้าง', 10, 0, '079'),
('07079002', 'เทคนิคการควบคุมงานก่อสร้าง', 10, 0, '079'),
('08080001', 'องค์ประกอบศิลปะ', 10, 0, '080'),
('08080002', 'การเขียนบทภาพยนตร์บันเทิง', 10, 0, '080'),
('08080003', 'ย่ำอดีตบันเทิงไทย', 10, 0, '080'),
('08081001', 'การออกแบบและเทคโนโลยีการก่อสร้าง ภูมิสถาปัตยกรรม', 10, 0, '081'),
('08081002', 'ภูมิสถาปัตยกรรมเบื้องต้น', 10, 0, '081'),
('08082001', 'วาดเส้นสถาปัตย์', 10, 0, '082'),
('08082002', 'ฮวงจุ้ยและสถาปัตยกรรม', 10, 0, '082'),
('08082003', 'เปิดกะลา สถาปัตย์', 10, 0, '082'),
('08082004', 'Guidebook ปลุกความถนัดทางสถาปัตย์', 10, 0, '082'),
('08082005', 'มิติ สถาปัตยกรรม', 10, 0, '082'),
('08083001', 'ประติมากรรมคนเหมือน', 10, 0, '083'),
('08083002', 'ประติมากรรมปูนปั้นความงามศาสตร์และศิลป์', 10, 0, '083'),
('08083003', 'ประติมากรรมภาคปฏิบัติ', 10, 0, '083'),
('08083004', 'ประติมากรรมพื้นฐาน', 10, 0, '083'),
('08083005', 'ประติมากรรมไทย', 10, 0, '083'),
('08083006', 'ประติมากรรมอาเซียน', 10, 0, '083'),
('08084001', 'วาดเส้นมัณฑนศิลป์', 10, 0, '084'),
('08084002', 'วาดเส้น มัณฑนศิลป์ จิตรกรรม วิจิตรศิลป์ ศิลปกรรมศาสตร์ สถาปัตยกรรมศาสตร์', 10, 0, '084'),
('08084003', 'การวาดเส้น : Drawing', 10, 0, '084'),
('08085001', 'จิตรกรรมไทยพื้นฐาน', 10, 0, '085'),
('08085002', 'จิตรกรรมฝาผนังวัดราชสิทธาราม', 10, 0, '085'),
('08085003', 'จิตรกรรมฝาผนังวัดดุสิดาราม', 10, 0, '085'),
('08085004', 'อนุรักษ์จิตรกรรมฝาผนัง พระที่นั่งพุทไธสวรรย์', 10, 0, '085'),
('08086001', 'องค์ประกอบศิลป์เพื่องานกราฟิก', 10, 0, '086'),
('08086002', 'Graphic Design School', 10, 0, '086'),
('08087001', 'The Art of Photography Digital ศิลปะแห่งการถ่ายภาพ', 10, 0, '087'),
('08087002', 'ถ่ายภาพให้มีพลัง (The Power of Image)', 10, 0, '087'),
('08087003', 'Fundamental of Photography : พื้นฐานการถ่ายภาพและเทคนิคควบคุมกล้อง', 10, 0, '087'),
('08088001', 'หนังสือทฤษฎีดนตรีสำหรับมือกีต้าร์', 10, 0, '088'),
('08088002', 'ดนตรีนิยม', 10, 0, '088'),
('08088003', 'Concert Etudes for Trumpet', 10, 0, '088'),
('08088004', 'ดนตรีไทยในวัฒนธรรมไทย', 10, 0, '088'),
('08089001', 'รอบรู้นันทนาการ', 10, 0, '089'),
('08089002', 'กรีฑา รวมกฎ กติกา และพื้นฐานการเล่น', 10, 0, '089'),
('08089003', 'ผู้นำนันทนาการ', 10, 0, '089'),
('08089004', 'ว่ายน้ำกีฬาเพื่อทุกคน', 10, 0, '089'),
('09090001', 'บทละครเรื่องรามเกียรติ์', 10, 0, '090'),
('09090002', 'เล่าเรื่องไกรทอง', 10, 0, '090'),
('09090003', 'โคบุตร และ สิงหไกรภพ', 10, 0, '090'),
('09090004', 'สังข์ทอง', 10, 0, '090'),
('09090005', 'ไตรภูมิพระร่วง', 10, 0, '090'),
('09090006', 'พระอภัยมณี', 10, 0, '090'),
('09090007', 'นางสิบสอง', 10, 0, '090'),
('09090008', 'ปลาบู่ทอง', 10, 0, '090'),
('09091001', 'Romeo and Juliet', 10, 0, '091'),
('09091002', 'Frankenstein', 10, 0, '091'),
('09092001', 'Beowulf : a glossed text', 10, 0, '092'),
('09093001', 'Günter Grass', 10, 0, '093'),
('09094001', 'King Arthur', 10, 0, '094'),
('09095001', 'Aventurs Pinocchio', 10, 0, '095'),
('09096001', 'Os Lusíadas', 10, 0, '096'),
('09096002', 'Meu Pé de Laranja Lima', 10, 0, '096'),
('09097001', 'Utopia', 10, 0, '097'),
('09097002', 'Vulgate', 10, 0, '097'),
('09098001', 'The Iliad', 10, 0, '098'),
('09098002', 'The Odyssey', 10, 0, '098'),
('09099001', 'ไซอิ๋ว', 10, 0, '099'),
('09099002', 'สามก๊ก', 10, 0, '099'),
('10100001', 'ประวัติศาสตร์ไทย', 10, 0, '100'),
('10100002', 'ประวัติศาสตร์ชาติไทย', 10, 0, '100'),
('10100003', 'กรุงแตก ,พระเจ้าตากฯและประวัติศาสตร์ไทย', 10, 0, '100'),
('10100004', 'ประวัติศาสตร์อยุธยา ห้าศตวรรษสู่โลกใหม่', 10, 0, '100'),
('10101001', 'ภูมิศาสตร์การท่องเที่ยวไทย', 10, 0, '101'),
('10101002', 'ภูมิศาสตร์การท่องเที่ยว', 10, 0, '101'),
('10102001', 'เครื่องราชอิสริยาภรณ์และบุคคลตัวอย่าง', 10, 0, '102'),
('10102002', 'ประมวลกฎหมายเครื่องราชอิสริยาภรณ์ไทย', 10, 0, '102'),
('10102003', 'คิดแบบ เนลสัน แมนเดลา NELSON MANDELA', 10, 0, '102'),
('10102004', 'อเล็กซ์ เฟอร์กูสัน : อัตชีวประวัติ', 10, 0, '102'),
('10102005', 'ชีวประวัติ แจ็ค หม่า มีชีวิตอยู่เพื่อสะท้านโลก', 10, 0, '102'),
('10103001', 'ประวัติศาสตร์ศิลปะ ยุคโบราณและยุคกลาง', 10, 0, '103'),
('10103002', 'ค้นพบอารยธรรมโลก ยุคกลาง', 10, 0, '103'),
('10103003', 'สยามดึกดำบรรพ์ ยุคก่อนประวัติศาสตร์ถึงสมัยสุโขทัย', 10, 0, '103'),
('10104001', 'ประวัติศาสตร์ยุโรป', 10, 0, '104'),
('10104002', 'ยุโรปตะวันตก', 10, 0, '104'),
('10104003', 'ประวัติศาสตร์กรีกโบราณ : History of Ancient Greek', 10, 0, '104'),
('10104004', 'กรีก-โรมัน ประวัติศาสตร์และอารยธรรม', 10, 0, '104'),
('10104005', 'อารยธรรมตะวันตก อารยธรรมโรมัน', 10, 0, '104'),
('10105001', 'ตำนานโลกตะวันออก จากมหาจักรวรรดิเปอร์เซียถึงโมกุลแห่งอินเดีย', 10, 0, '105'),
('10105002', 'ประวัติศาสตร์เอเชียตะวันออก', 10, 0, '105'),
('10105003', 'ประวัติศาสตร์เอเชียตะวันออกเฉียงใต้สมัยใหม่', 10, 0, '105'),
('10105004', 'ประวัติศาสตร์เอเชียตะวันออกเฉียงใต้ : สุวรรณภูมิ-อุษาคเนย์ภาคพิสดาร', 10, 0, '105'),
('10106001', 'ประวัติศาสตร์แอฟริกา', 10, 0, '106'),
('10107001', 'ประวัติศาสตร์สหรัฐอเมริกา', 10, 0, '107'),
('10107002', 'ประวัติศาสตร์เม็กซิโก', 10, 0, '107'),
('10108001', 'ละตินอเมริกา แผ่นดินแห่งการปฏิวัติ', 10, 0, '108'),
('10109001', 'ประวัติศาสตร์ออสเตรเลีย สมัยอาณานิคม ค.ศ. 1788-1901', 10, 0, '109');

-- --------------------------------------------------------

--
-- Table structure for table `category`
--

CREATE TABLE `category` (
  `c_id` char(2) NOT NULL,
  `c_name` char(255) NOT NULL
) ENGINE=InnoDB DEFAULT CHARSET=utf8;

--
-- Dumping data for table `category`
--

INSERT INTO `category` (`c_id`, `c_name`) VALUES
('01', 'ความรู้ทั่วไป'),
('02', 'ปรัชญาและจิตวิทยา'),
('03', 'ศาสนา'),
('04', 'สังคมศาสตร์'),
('05', 'ภาษา'),
('06', 'วิทยาศาสตร์ธรรมชาติและคณิตศาสตร์'),
('07', 'เทคโนโลยี(วิทยาศาสตร์ประยุกต์)'),
('08', 'ศิลปะวิจิตรศิลป์และมัณฑนศิลป์'),
('09', 'วรรณคดี'),
('10', 'ภูมิศาสตร์และประวิตศาสตร์');

-- --------------------------------------------------------

--
-- Table structure for table `member`
--

CREATE TABLE `member` (
  `m_id` int(5) NOT NULL,
  `m_fname` char(50) NOT NULL,
  `m_lname` char(50) NOT NULL,
  `m_phone` char(20) NOT NULL,
  `m_reg` date NOT NULL
) ENGINE=InnoDB DEFAULT CHARSET=utf8;

--
-- Dumping data for table `member`
--

INSERT INTO `member` (`m_id`, `m_fname`, `m_lname`, `m_phone`, `m_reg`) VALUES
(20001, 'Jakkapan', 'Pupaput', '0967940608', '2021-05-10'),
(20002, 'Python', 'TESTER', '0123456789', '2021-05-12');

-- --------------------------------------------------------

--
-- Table structure for table `orders`
--

CREATE TABLE `orders` (
  `o_id` int(5) NOT NULL,
  `m_id` int(5) NOT NULL,
  `rn_date` date NOT NULL,
  `du_date` date NOT NULL,
  `o_st` char(1) NOT NULL
) ENGINE=InnoDB DEFAULT CHARSET=utf8;

--
-- Dumping data for table `orders`
--

INSERT INTO `orders` (`o_id`, `m_id`, `rn_date`, `du_date`, `o_st`) VALUES
(10001, 20001, '2021-05-10', '2021-05-10', '1'),
(10002, 20001, '2021-05-12', '2021-06-11', '1');

-- --------------------------------------------------------

--
-- Table structure for table `order_details`
--

CREATE TABLE `order_details` (
  `od_id` int(5) NOT NULL,
  `b_id` char(8) NOT NULL,
  `o_id` int(5) NOT NULL
) ENGINE=InnoDB DEFAULT CHARSET=utf8;

--
-- Dumping data for table `order_details`
--

INSERT INTO `order_details` (`od_id`, `b_id`, `o_id`) VALUES
(1, '01010001', 10002);

-- --------------------------------------------------------

--
-- Table structure for table `returns`
--

CREATE TABLE `returns` (
  `r_id` int(5) NOT NULL,
  `re_date` date NOT NULL,
  `o_id` int(5) NOT NULL
) ENGINE=InnoDB DEFAULT CHARSET=utf8;

--
-- Dumping data for table `returns`
--

INSERT INTO `returns` (`r_id`, `re_date`, `o_id`) VALUES
(1, '2021-05-11', 10001),
(2, '2021-05-12', 10002);

-- --------------------------------------------------------

--
-- Table structure for table `sub_category`
--

CREATE TABLE `sub_category` (
  `sc_id` char(3) NOT NULL,
  `sc_name` char(255) NOT NULL,
  `c_id` char(2) NOT NULL
) ENGINE=InnoDB DEFAULT CHARSET=utf8;

--
-- Dumping data for table `sub_category`
--

INSERT INTO `sub_category` (`sc_id`, `sc_name`, `c_id`) VALUES
('010', 'คอมพิวเตอร์ ความรู้ทั่วไป', '01'),
('011', 'บรรณานุกรม แคตตาล็อก', '01'),
('012', 'บรรณารักษศาสตร์และสารนิเทศศาสตร์', '01'),
('013', 'หนังสือรวบรวมความรู้ทั่วไป สารานุกรม', '01'),
('014', '(ยังไม่กำหนดใช้)', '01'),
('015', 'สิ่งพิมพ์ต่อเนื่อง วารสาร และดรรชนี', '01'),
('016', 'องค์การต่างๆ พิพิธภัณฑวิทยา', '01'),
('017', 'วารสารศาสตร์ การพิมพ์', '01'),
('018', 'ชุมนุมนิพนธ์', '01'),
('019', 'ต้นฉบับตัวเขียน หนังสือหายาก', '01'),
('020', 'ปรัชญา', '02'),
('021', 'อภิปรัชญา', '02'),
('022', 'ญาณวิทยา ความเป็นเหตุผล ความเป็นมนุษย์', '02'),
('023', 'จิตวิทยานามธรรม', '02'),
('024', 'แนวความคิดปรัชญาเฉพาะกลุ่ม', '02'),
('025', 'จิตวิทยา', '02'),
('026', 'ตรรกศาสตร์ ตรรกวิทยา', '02'),
('027', 'จริยศาสตร์ ศีลธรรม', '02'),
('028', 'ปรัชญาสมัยโบราณ สมัยกลาง ตะวันออก', '02'),
('029', 'ปรัชญาตะวันตกสมัยใหม่', '02'),
('030', 'ศาสนา', '03'),
('031', 'ศาสนาธรรมชาติ', '03'),
('032', 'ไบเบิล', '03'),
('033', 'เทววิทยาตามแนวคริสต์ศาสนา', '03'),
('034', 'ศีลธรรมชาวคริสต์ การอุทิศเพื่อศาสนา', '03'),
('035', 'คริสต์ศาสนาในท้องถิ่นและระเบียบแบบแผนปฏิบัติ', '03'),
('036', 'สังคมชาวคริสต์ เทววิทยาทางศาสนา', '03'),
('037', 'ประวัติคริสต์ศาสนา', '03'),
('038', 'นิกายต่างๆ ในคริสต์ศาสนา', '03'),
('039', 'ศาสนาเปรียบเทียบและศาสนาอื่นๆ', '03'),
('040', 'สังคมศาสตร์', '04'),
('041', 'สถิติศาสตร์', '04'),
('042', 'รัฐศาสตร์ การเมือง การปกครอง', '04'),
('043', 'เศรษฐศาสตร์', '04'),
('044', 'กฎหมาย', '04'),
('045', 'รัฐประศาสนศาสตร์ การบริหารรัฐกิจ กองทัพ', '04'),
('046', 'ปัญหาสังคม การบริหารสังคม สมาคม', '04'),
('047', 'การศึกษา', '04'),
('048', 'การพาณิชย์ การสื่อสาร การขนส่ง', '04'),
('049', 'ประเพณี ขนบธรรมเนียม คติชนวิทยา', '04'),
('050', 'ภาษา', '05'),
('051', 'ภาษาศาสตร์', '05'),
('052', 'ภาษาอังกฤษ', '05'),
('053', 'ภาษาเยอรมัน', '05'),
('054', 'ภาษาฝรั่งเศส ภาษาโรมานซ์', '05'),
('055', 'ภาษาอิตาลี ภาษาโรมัน', '05'),
('056', 'ภาษาสเปน ภาษาโปรตุเกส', '05'),
('057', 'ภาษาละติน', '05'),
('058', 'ภาษากรีก', '05'),
('059', 'ภาษาอื่นๆ', '05'),
('060', 'วิทยาศาสตร์', '06'),
('061', 'คณิตศาสตร์', '06'),
('062', 'ดาราศาสตร์', '06'),
('063', 'ฟิสิกส์', '06'),
('064', 'เคมี', '06'),
('065', 'วิทยาศาสตร์โลก', '06'),
('066', 'บรรพชีวินวิทยา', '06'),
('067', 'ชีววิทยา', '06'),
('068', 'พฤกษศาสตร์', '06'),
('069', 'สัตววิทยา', '06'),
('070', 'วิทยาศาสตร์ประยุกต์ เทคโนโลยี', '07'),
('071', 'แพทยศาสตร์', '07'),
('072', 'วิศวกรรมศาสตร์', '07'),
('073', 'เกษตรศาสตร์', '07'),
('074', 'คหกรรมศาสตร์ ชีวิตครอบครัว', '07'),
('075', 'การจัดการธุรกิจ', '07'),
('076', 'วิศวกรรมเคมี', '07'),
('077', 'โรงงานอุตสาหกรรม', '07'),
('078', 'สินค้าที่ผลิตจากเครื่องจักร', '07'),
('079', 'การก่อสร้าง', '07'),
('080', 'ศิลปกรรม การบันเทิง', '08'),
('081', 'ภูมิสถาปัตย์', '08'),
('082', 'สถาปัตยกรรม', '08'),
('083', 'ประติมากรรม', '08'),
('084', 'การวาดเขียน มัณฑนศิลป์', '08'),
('085', 'จิตรกรรม ภาพเขียน', '08'),
('086', 'ศิลปะการพิมพ์ ศิลปะกราฟิก', '08'),
('087', 'การถ่ายรูป ภาพถ่าย', '08'),
('088', 'ดนตรี', '08'),
('089', 'การบันเทิง นันทนาการ กีฬา', '08'),
('090', 'วรรณกรรม วรรณคดี', '09'),
('091', 'วรรณคดีอเมริกันในภาษาอังกฤษ', '09'),
('092', 'วรรณคดีภาษาอังกฤษ ภาษาอังกฤษโบราณ', '09'),
('093', 'วรรณคดีภาษาเยอรมัน', '09'),
('094', 'วรรณคดีภาษาฝรั่งเศส ภาษาโรมานซ์', '09'),
('095', 'วรรณคดีภาษาอิตาลี ภาษาโรมัน', '09'),
('096', 'วรรณคดีภาษาสเปน ภาษาโปรตุเกส', '09'),
('097', 'วรรณคดีภาษาละติน', '09'),
('098', 'วรรณคดีภาษากรีก', '09'),
('099', 'วรรณคดีภาษาอื่นๆ', '09'),
('100', 'ประวัติศาสตร์ ภูมิศาสตร์', '10'),
('101', 'ภูมิศาสตร์การท่องเที่ยว', '10'),
('102', 'ชีวประวัติ เครื่องราชอิสริยาภรณ์', '10'),
('103', 'ประวัติศาสตร์ยุคโบราณ', '10'),
('104', 'ประวัติศาสตร์ยุโรป โลกตะวันตก', '10'),
('105', ' ประวัติศาสตร์เอเชีย โลกตะวันออก', '10'),
('106', 'ประวัติศาสตร์แอฟริกา', '10'),
('107', 'ประวัติศาสตร์อเมริกาเหนือ', '10'),
('108', 'ประวัติศาสตร์อเมริกาใต้', '10'),
('109', 'ประวัติศาสตร์ส่วนอื่นๆ ของโลก', '10');

--
-- Indexes for dumped tables
--

--
-- Indexes for table `books`
--
ALTER TABLE `books`
  ADD PRIMARY KEY (`b_id`);

--
-- Indexes for table `category`
--
ALTER TABLE `category`
  ADD PRIMARY KEY (`c_id`);

--
-- Indexes for table `member`
--
ALTER TABLE `member`
  ADD PRIMARY KEY (`m_id`);

--
-- Indexes for table `orders`
--
ALTER TABLE `orders`
  ADD PRIMARY KEY (`o_id`);

--
-- Indexes for table `order_details`
--
ALTER TABLE `order_details`
  ADD PRIMARY KEY (`od_id`);

--
-- Indexes for table `returns`
--
ALTER TABLE `returns`
  ADD PRIMARY KEY (`r_id`);

--
-- Indexes for table `sub_category`
--
ALTER TABLE `sub_category`
  ADD PRIMARY KEY (`sc_id`);

--
-- AUTO_INCREMENT for dumped tables
--

--
-- AUTO_INCREMENT for table `member`
--
ALTER TABLE `member`
  MODIFY `m_id` int(5) NOT NULL AUTO_INCREMENT, AUTO_INCREMENT=20003;

--
-- AUTO_INCREMENT for table `order_details`
--
ALTER TABLE `order_details`
  MODIFY `od_id` int(5) NOT NULL AUTO_INCREMENT, AUTO_INCREMENT=2;

--
-- AUTO_INCREMENT for table `returns`
--
ALTER TABLE `returns`
  MODIFY `r_id` int(5) NOT NULL AUTO_INCREMENT, AUTO_INCREMENT=3;
COMMIT;

/*!40101 SET CHARACTER_SET_CLIENT=@OLD_CHARACTER_SET_CLIENT */;
/*!40101 SET CHARACTER_SET_RESULTS=@OLD_CHARACTER_SET_RESULTS */;
/*!40101 SET COLLATION_CONNECTION=@OLD_COLLATION_CONNECTION */;
